Class,Average Allocated Bandwidth (%),Average Loss Rate (%)
Class A,40.58498218655586,59.41501781344414
Class B,99.70000000000002,0.2999999999999928
Class C,95.7143634557724,4.285636544227605
