Priority,Resource Usage
0.9798,6
0.9705,6
0.9605,6
0.93566,6
0.93806,6
0.93339,6
0.94278,6
0.98263,6
0.51709,15
0.53933,15
0.45258,15
0.51709,15
0.53933,15
0.55258,15
0.51709,15
0.53933,15
0.49258,15
0.50709,15
0.48933,15
0.474258,15
0.31623,3
0.31333,3
0.31543,3
0.08798,4
0.06798,4
0.12798,4
0.08798,4
0.09798,4